{
    "AWSTemplateFormatVersion": "2010-09-09",
    "Description": "This AWS CloudFormation template will create a CodeCommit repository and deploy CloudFormation via a new CodePipeline.",
    "Parameters": {
        "OwnerTeamEmail": {
            "Type": "String",
            "Default": "name@domain.com"
        },
        "Bucket": {
            "Type": "String",
            "Default": "devopsartifact"
        },
        "BranchName": {
            "Description": "CodeCommit branch name",
            "Type": "String",
            "Default": "master"
        },
        "RepositoryName": {
            "Description": "CodeCommit repository name",
            "Type": "String",
            "Default": "aod-cohort2-artifact"
        }
    },
    "Outputs":{
        "RepoName": {
            "Value": {"Fn::GetAtt": ["Repo","Name"]}
        },
        "RepoUrl": {
            "Value": {"Fn::GetAtt": ["Repo","CloneUrlHttp"]}
        }
    },
    "Resources": {
        "CloudformationExecutionRole": {
            "Type": "AWS::IAM::Role",
            "Properties": {
                "AssumeRolePolicyDocument": {
                    "Statement": [
                        {
                            "Effect": "Allow",
                            "Principal": {
                                "Service": "cloudformation.amazonaws.com"
                            },
                            "Action": "sts:AssumeRole"
                        }
                    ]
                },
                "ManagedPolicyArns": [
                    "arn:aws:iam::aws:policy/AdministratorAccess"
                ]
            }
        },
        "SnsTopic": {
            "Type": "AWS::SNS::Topic",
            "Properties": {
                "Subscription": [
                    {
                        "Protocol": "email",
                        "Endpoint":{"Ref": "OwnerTeamEmail"}
                    }
                ]
            }
        },
        "Repo": {
            "Type": "AWS::CodeCommit::Repository",
            "Properties": {
                "RepositoryName": {"Ref": "RepositoryName"},
                "RepositoryDescription": "This is a repository for my project with code from MySourceCodeBucket.",
                "Code": {
                    "BranchName": {"Ref": "BranchName"},
                    "S3": {
                        "Bucket": {"Ref":"Bucket"},
                        "Key": "code.zip"
                    }
                },
                "Triggers": [{
                    "Branches": [{"Ref": "BranchName"}],
                    "Name": "MasterTrigger",
                    "CustomData": "DevOpsAoDCohort2",
                    "DestinationArn": {"Ref":"SnsTopic"},
                    "Events": ["updateReference"]
                }]
            }
        },
        "CodePipelineArtifactStoreBucket": {
            "Type": "AWS::S3::Bucket"
        },
        "CodePipelineArtifactStoreBucketPolicy": {
            "Type": "AWS::S3::BucketPolicy",
            "Properties": {
                "Bucket": {
                    "Ref": "CodePipelineArtifactStoreBucket"
                },
                "PolicyDocument": {
                    "Version": "2012-10-17",
                    "Statement": [
                        {
                            "Sid": "DenyUnEncryptedObjectUploads",
                            "Effect": "Deny",
                            "Principal": "*",
                            "Action": "s3:PutObject",
                            "Resource": {
                                "Fn::Join": [
                                    "",
                                    [
                                        {
                                            "Fn::GetAtt": [
                                                "CodePipelineArtifactStoreBucket",
                                                "Arn"
                                            ]
                                        },
                                        "/*"
                                    ]
                                ]
                            },
                            "Condition": {
                                "StringNotEquals": {
                                    "s3:x-amz-server-side-encryption": "aws:kms"
                                }
                            }
                        },
                        {
                            "Sid": "DenyInsecureConnections",
                            "Effect": "Deny",
                            "Principal": "*",
                            "Action": "s3:*",
                            "Resource": {
                                "Fn::Join": [
                                    "",
                                    [
                                        {
                                            "Fn::GetAtt": [
                                                "CodePipelineArtifactStoreBucket",
                                                "Arn"
                                            ]
                                        },
                                        "/*"
                                    ]
                                ]
                            },
                            "Condition": {
                                "Bool": {
                                    "aws:SecureTransport": false
                                }
                            }
                        }
                    ]
                }
            }
        },
        "AmazonCloudWatchEventRole": {
            "Type": "AWS::IAM::Role",
            "Properties": {
                "AssumeRolePolicyDocument": {
                    "Version": "2012-10-17",
                    "Statement": [
                        {
                            "Effect": "Allow",
                            "Principal": {
                                "Service": [
                                    "events.amazonaws.com"
                                ]
                            },
                            "Action": "sts:AssumeRole"
                        }
                    ]
                },
                "Path": "/",
                "Policies": [
                    {
                        "PolicyName": "cwe-pipeline-execution",
                        "PolicyDocument": {
                            "Version": "2012-10-17",
                            "Statement": [
                                {
                                    "Effect": "Allow",
                                    "Action": "codepipeline:StartPipelineExecution",
                                    "Resource": {
                                        "Fn::Join": [
                                            "",
                                            [
                                                "arn:aws:codepipeline:",
                                                {
                                                    "Ref": "AWS::Region"
                                                },
                                                ":",
                                                {
                                                    "Ref": "AWS::AccountId"
                                                },
                                                ":",
                                                {
                                                    "Ref": "CfnPipeline"
                                                }
                                            ]
                                        ]
                                    }
                                }
                            ]
                        }
                    }
                ]
            }
        },
        "AmazonCloudWatchEventRule": {
            "Type": "AWS::Events::Rule",
            "Properties": {
                "EventPattern": {
                    "source": [
                        "aws.codecommit"
                    ],
                    "detail-type": [
                        "CodeCommit Repository State Change"
                    ],
                    "resources": [
                        {
                            "Fn::Join": [
                                "",
                                [
                                    "arn:aws:codecommit:",
                                    {
                                        "Ref": "AWS::Region"
                                    },
                                    ":",
                                    {
                                        "Ref": "AWS::AccountId"
                                    },
                                    ":",
                                    {
                                        "Ref": "RepositoryName"
                                    }
                                ]
                            ]
                        }
                    ],
                    "detail": {
                        "event": [
                            "referenceCreated",
                            "referenceUpdated"
                        ],
                        "referenceType": [
                            "branch"
                        ],
                        "referenceName": [
                            "master"
                        ]
                    }
                },
                "Targets": [
                    {
                        "Arn": {
                            "Fn::Join": [
                                "",
                                [
                                    "arn:aws:codepipeline:",
                                    {
                                        "Ref": "AWS::Region"
                                    },
                                    ":",
                                    {
                                        "Ref": "AWS::AccountId"
                                    },
                                    ":",
                                    {
                                        "Ref": "CfnPipeline"
                                    }
                                ]
                            ]
                        },
                        "RoleArn": {
                            "Fn::GetAtt": [
                                "AmazonCloudWatchEventRole",
                                "Arn"
                            ]
                        },
                        "Id": "codepipeline-CfnPipeline"
                    }
                ]
            }
        },
        "CfnPipeline": {
            "Type": "AWS::CodePipeline::Pipeline",
            "Properties": {
                "Name": "codecommit-events-pipeline",
                "RoleArn": {
                    "Fn::GetAtt": [
                        "CodePipelineServiceRole",
                        "Arn"
                    ]
                },
                "Stages": [
                    {
                        "Name": "TemplateSource",
                        "Actions": [
                            {
                                "Name": "SourceAction",
                                "ActionTypeId": {
                                    "Category": "Source",
                                    "Owner": "AWS",
                                    "Version": "1",
                                    "Provider": "CodeCommit"
                                },
                                "OutputArtifacts": [
                                    {
                                        "Name": "TemplateSource"
                                    }
                                ],
                                "Configuration": {
                                    "BranchName": {
                                        "Ref": "BranchName"
                                    },
                                    "RepositoryName": {
                                        "Ref": "RepositoryName"
                                    },
                                    "PollForSourceChanges": false
                                },
                                "RunOrder": 1
                            }
                        ]
                    },
                    {
                        "Name": "CreateStackStage",
                        "Actions": [
                            {
                                "Name": "CreateStack",
                                "InputArtifacts": [
                                    {
                                        "Name": "TemplateSource"
                                    }
                                ],
                                "ActionTypeId": {
                                    "Category": "Deploy",
                                    "Owner": "AWS",
                                    "Version": "1",
                                    "Provider": "CloudFormation"
                                },
                                "Configuration": {
                                    "ActionMode": "CHANGE_SET_REPLACE",
                                    "Capabilities": "CAPABILITY_IAM,CAPABILITY_AUTO_EXPAND",
                                    "ChangeSetName": "pipeline-changeset",
                                    "RoleArn": {"Fn::GetAtt": ["CloudformationExecutionRole","Arn"]},
                                    "StackName": "stack-ingress",
                                    "TemplatePath": "TemplateSource::ingressperimeter.json"
                                },
                                "RunOrder": 2
                            }
                        ]
                    },
                    {
                        "Name": "ExecuteStackStage",
                        "Actions": [
                            {
                                "Name": "CreateStack",
                                "InputArtifacts": [
                                    {
                                        "Name": "TemplateSource"
                                    }
                                ],
                                "ActionTypeId": {
                                    "Category": "Deploy",
                                    "Owner": "AWS",
                                    "Version": "1",
                                    "Provider": "CloudFormation"
                                },
                                "Configuration": {
                                    "ActionMode": "CHANGE_SET_EXECUTE",
                                    "ChangeSetName": "pipeline-changeset",
                                    "StackName": "stack-ingress"
                                },
                                "RunOrder": 3
                            }
                        ]
                    }
                ],
                "ArtifactStore": {
                    "Type": "S3",
                    "Location": {
                        "Ref": "CodePipelineArtifactStoreBucket"
                    }
                }
            }
        },
        "CodePipelineServiceRole": {
            "Type": "AWS::IAM::Role",
            "Properties": {
                "AssumeRolePolicyDocument": {
                    "Version": "2012-10-17",
                    "Statement": [
                        {
                            "Effect": "Allow",
                            "Principal": {
                                "Service": [
                                    "codepipeline.amazonaws.com"
                                ]
                            },
                            "Action": "sts:AssumeRole"
                        }
                    ]
                },
                "Path": "/",
                "Policies": [
                    {
                        "PolicyName": "AWS-CodePipeline-Service-3",
                        "PolicyDocument": {
                            "Version": "2012-10-17",
                            "Statement": [
                                {
                                    "Effect": "Allow",
                                    "Action": [
                                        "codecommit:CancelUploadArchive",
                                        "codecommit:GetBranch",
                                        "codecommit:GetCommit",
                                        "codecommit:GetUploadArchiveStatus",
                                        "codecommit:UploadArchive"
                                    ],
                                    "Resource": "*"
                                },
                                {
                                    "Effect": "Allow",
                                    "Action": [
                                        "codedeploy:CreateDeployment",
                                        "codedeploy:GetApplicationRevision",
                                        "codedeploy:GetDeployment",
                                        "codedeploy:GetDeploymentConfig",
                                        "codedeploy:RegisterApplicationRevision"
                                    ],
                                    "Resource": "*"
                                },
                                {
                                    "Effect": "Allow",
                                    "Action": [
                                        "codebuild:BatchGetBuilds",
                                        "codebuild:StartBuild"
                                    ],
                                    "Resource": "*"
                                },
                                {
                                    "Effect": "Allow",
                                    "Action": [
                                        "devicefarm:ListProjects",
                                        "devicefarm:ListDevicePools",
                                        "devicefarm:GetRun",
                                        "devicefarm:GetUpload",
                                        "devicefarm:CreateUpload",
                                        "devicefarm:ScheduleRun"
                                    ],
                                    "Resource": "*"
                                },
                                {
                                    "Effect": "Allow",
                                    "Action": [
                                        "lambda:InvokeFunction",
                                        "lambda:ListFunctions"
                                    ],
                                    "Resource": "*"
                                },
                                {
                                    "Effect": "Allow",
                                    "Action": [
                                        "iam:PassRole"
                                    ],
                                    "Resource": "*"
                                },
                                {
                                    "Effect": "Allow",
                                    "Action": [
                                        "elasticbeanstalk:*",
                                        "ec2:*",
                                        "elasticloadbalancing:*",
                                        "autoscaling:*",
                                        "cloudwatch:*",
                                        "s3:*",
                                        "sns:*",
                                        "cloudformation:*",
                                        "rds:*",
                                        "sqs:*",
                                        "ecs:*"
                                    ],
                                    "Resource": "*"
                                }
                            ]
                        }
                    }
                ]
            }
        }
    }
}